Date,Region,Product_ID,Total_Stock_Per_Product_On_Date_In_Region
2022-01-01,East,P0016,10944
2022-01-01,East,P0017,2196
2022-01-01,East,P0031,5598
2022-01-01,East,P0046,3456
2022-01-01,East,P0057,8334
2022-01-01,East,P0061,7920
2022-01-01,East,P0066,9072
2022-01-01,East,P0067,2934
2022-01-01,East,P0068,2214
2022-01-01,East,P0069,5616
2022-01-01,East,P0070,5544
2022-01-01,East,P0079,5148
2022-01-01,East,P0083,2718
2022-01-01,East,P0116,954
2022-01-01,East,P0125,5040
2022-01-01,East,P0126,4266
2022-01-01,East,P0129,6714
2022-01-01,East,P0133,6174
2022-01-01,East,P0149,5058
2022-01-01,East,P0153,2988
2022-01-01,East,P0159,1296
2022-01-01,East,P0171,5346
2022-01-01,East,P0175,6300
2022-01-01,East,P0178,11466
2022-01-01,East,P0183,3330
2022-01-01,North,P0016,3402
2022-01-01,North,P0017,2070
2022-01-01,North,P0046,3348
2022-01-01,North,P0057,5364
2022-01-01,North,P0066,7596
2022-01-01,North,P0067,1818
2022-01-01,North,P0068,2520
2022-01-01,North,P0069,3852
2022-01-01,North,P0070,3780
2022-01-01,North,P0079,3402
2022-01-01,North,P0083,3474
2022-01-01,North,P0085,5688
2022-01-01,North,P0094,9594
2022-01-01,North,P0133,6084
2022-01-01,North,P0149,2106
2022-01-01,North,P0153,4644
2022-01-01,North,P0166,12132
2022-01-01,North,P0171,5022
2022-01-01,North,P0187,5202
2022-01-01,South,P0017,4086
2022-01-01,South,P0031,2592
2022-01-01,South,P0046,6408
2022-01-01,South,P0061,7182
2022-01-01,South,P0066,4500
2022-01-01,South,P0067,3330
2022-01-01,South,P0068,2844
2022-01-01,South,P0069,3330
2022-01-01,South,P0079,4842
2022-01-01,South,P0085,1728
2022-01-01,South,P0096,7794
2022-01-01,South,P0116,5958
2022-01-01,South,P0126,8730
2022-01-01,South,P0129,6066
2022-01-01,South,P0153,3258
2022-01-01,South,P0159,4194
2022-01-01,South,P0178,3816
2022-01-01,South,P0183,3564
2022-01-01,South,P0187,6732
2022-01-01,West,P0016,2970
2022-01-01,West,P0017,2952
2022-01-01,West,P0031,3780
2022-01-01,West,P0046,2322
2022-01-01,West,P0057,3240
2022-01-01,West,P0061,3870
2022-01-01,West,P0067,7002
2022-01-01,West,P0068,2646
2022-01-01,West,P0070,2034
2022-01-01,West,P0083,8496
2022-01-01,West,P0085,6390
2022-01-01,West,P0094,5472
2022-01-01,West,P0096,6102
2022-01-01,West,P0116,4860
2022-01-01,West,P0125,14040
2022-01-01,West,P0126,5346
2022-01-01,West,P0133,4914
2022-01-01,West,P0149,3978
2022-01-01,West,P0159,5634
2022-01-01,West,P0171,3582
2022-01-01,West,P0175,4842
2022-01-01,West,P0183,2934
2022-01-02,East,P0016,2916
2022-01-02,East,P0017,1836
2022-01-02,East,P0031,2034
2022-01-02,East,P0061,3024
2022-01-02,East,P0068,7128
2022-01-02,East,P0069,6678
2022-01-02,East,P0070,2592
2022-01-02,East,P0079,7740
2022-01-02,East,P0083,6066
2022-01-02,East,P0085,1674
2022-01-02,East,P0094,7668
2022-01-02,East,P0096,2556
2022-01-02,East,P0116,7272
2022-01-02,East,P0125,2394
2022-01-02,East,P0126,3114
2022-01-02,East,P0133,2502
2022-01-02,East,P0159,1044
2022-01-02,East,P0166,4644
2022-01-02,East,P0175,3240
2022-01-02,East,P0187,7956
2022-01-02,North,P0016,2646
2022-01-02,North,P0017,5076
2022-01-02,North,P0031,2790
2022-01-02,North,P0057,10278
2022-01-02,North,P0061,5238
2022-01-02,North,P0066,3042
2022-01-02,North,P0067,1224
2022-01-02,North,P0083,5886
2022-01-02,North,P0085,3870
2022-01-02,North,P0094,4680
2022-01-02,North,P0096,9648
2022-01-02,North,P0116,2790
2022-01-02,North,P0125,2700
2022-01-02,North,P0126,7506
2022-01-02,North,P0129,2070
2022-01-02,North,P0133,11574
2022-01-02,North,P0149,5346
2022-01-02,North,P0153,2322
2022-01-02,North,P0159,4662
2022-01-02,North,P0171,6984
2022-01-02,North,P0178,8964
2022-01-02,North,P0187,6948
2022-01-02,South,P0017,2808
2022-01-02,South,P0031,2556
2022-01-02,South,P0046,12150
2022-01-02,South,P0061,4014
2022-01-02,South,P0066,2790
2022-01-02,South,P0067,5256
2022-01-02,South,P0068,4284
2022-01-02,South,P0069,5742
2022-01-02,South,P0079,4140
2022-01-02,South,P0083,3762
2022-01-02,South,P0085,2322
2022-01-02,South,P0096,1638
2022-01-02,South,P0116,3276
2022-01-02,South,P0125,5904
2022-01-02,South,P0126,3654
2022-01-02,South,P0129,6048
2022-01-02,South,P0149,3366
2022-01-02,South,P0159,5778
2022-01-02,South,P0166,4140
2022-01-02,South,P0171,1836
2022-01-02,South,P0175,3708
2022-01-02,South,P0183,10764
2022-01-02,West,P0016,5904
2022-01-02,West,P0017,1980
2022-01-02,West,P0031,4392
2022-01-02,West,P0046,2826
2022-01-02,West,P0057,5598
2022-01-02,West,P0061,5328
2022-01-02,West,P0066,7794
2022-01-02,West,P0067,1926
2022-01-02,West,P0069,7038
2022-01-02,West,P0070,8694
2022-01-02,West,P0085,3420
2022-01-02,West,P0116,2628
2022-01-02,West,P0125,2682
2022-01-02,West,P0126,2898
2022-01-02,West,P0129,5238
2022-01-02,West,P0133,2934
2022-01-02,West,P0149,2520
2022-01-02,West,P0153,9720
2022-01-02,West,P0166,1998
2022-01-02,West,P0171,4464
2022-01-02,West,P0175,3348
2022-01-02,West,P0178,3330
2022-01-02,West,P0183,2664
2022-01-03,East,P0016,4518
2022-01-03,East,P0017,3996
2022-01-03,East,P0046,6840
2022-01-03,East,P0057,9234
2022-01-03,East,P0061,3492
2022-01-03,East,P0066,1818
2022-01-03,East,P0068,2088
2022-01-03,East,P0070,6102
2022-01-03,East,P0083,7182
2022-01-03,East,P0085,4878
2022-01-03,East,P0094,2952
2022-01-03,East,P0096,6336
2022-01-03,East,P0129,1422
2022-01-03,East,P0133,6300
2022-01-03,East,P0149,1962
2022-01-03,East,P0159,3294
2022-01-03,East,P0171,2772
2022-01-03,East,P0175,2592
2022-01-03,East,P0183,4212
2022-01-03,East,P0187,5796
2022-01-03,North,P0016,7974
2022-01-03,North,P0017,6714
2022-01-03,North,P0031,5328
2022-01-03,North,P0046,4428
2022-01-03,North,P0057,1818
2022-01-03,North,P0061,3456
2022-01-03,North,P0066,2934
2022-01-03,North,P0067,9864
2022-01-03,North,P0068,3006
2022-01-03,North,P0070,2466
2022-01-03,North,P0079,6300
2022-01-03,North,P0083,6462
2022-01-03,North,P0085,1692
2022-01-03,North,P0096,1710
2022-01-03,North,P0116,5562
2022-01-03,North,P0125,3258
2022-01-03,North,P0126,9108
2022-01-03,North,P0129,5454
2022-01-03,North,P0159,4860
2022-01-03,North,P0166,1908
2022-01-03,North,P0171,3708
2022-01-03,North,P0175,2376
2022-01-03,North,P0183,2034
2022-01-03,South,P0016,3312
2022-01-03,South,P0031,4716
2022-01-03,South,P0061,7416
2022-01-03,South,P0066,7722
2022-01-03,South,P0067,5724
2022-01-03,South,P0068,2736
2022-01-03,South,P0069,5166
2022-01-03,South,P0070,2214
2022-01-03,South,P0079,5022
2022-01-03,South,P0094,6300
2022-01-03,South,P0096,1332
2022-01-03,South,P0116,7128
2022-01-03,South,P0125,3024
2022-01-03,South,P0129,7830
2022-01-03,South,P0133,9738
2022-01-03,South,P0149,6516
2022-01-03,South,P0153,4428
2022-01-03,South,P0159,3798
2022-01-03,South,P0166,5760
2022-01-03,South,P0171,6228
2022-01-03,South,P0175,7506
2022-01-03,South,P0178,4338
2022-01-03,South,P0187,5796
2022-01-03,West,P0016,3870
2022-01-03,West,P0031,3636
2022-01-03,West,P0046,2664
2022-01-03,West,P0057,3780
2022-01-03,West,P0066,2268
2022-01-03,West,P0068,5202
2022-01-03,West,P0069,10008
2022-01-03,West,P0070,2646
2022-01-03,West,P0079,1602
2022-01-03,West,P0085,4644
2022-01-03,West,P0094,7524
2022-01-03,West,P0096,2088
2022-01-03,West,P0125,11196
2022-01-03,West,P0126,8064
2022-01-03,West,P0133,4302
2022-01-03,West,P0149,5922
2022-01-03,West,P0153,5220
2022-01-03,West,P0166,1602
2022-01-03,West,P0171,2070
2022-01-03,West,P0175,3762
2022-01-03,West,P0178,10836
2022-01-03,West,P0183,1692
2022-01-03,West,P0187,2970
2022-01-04,East,P0016,12780
2022-01-04,East,P0017,7506
2022-01-04,East,P0031,6138
2022-01-04,East,P0046,5958
2022-01-04,East,P0057,13806
2022-01-04,East,P0066,3636
2022-01-04,East,P0067,3762
2022-01-04,East,P0068,5112
2022-01-04,East,P0069,6246
2022-01-04,East,P0070,2124
2022-01-04,East,P0079,1818
2022-01-04,East,P0083,2628
2022-01-04,East,P0085,1314
2022-01-04,East,P0094,1890
2022-01-04,East,P0096,5688
2022-01-04,East,P0116,2376
2022-01-04,East,P0125,6714
2022-01-04,East,P0126,6750
2022-01-04,East,P0129,1890
2022-01-04,East,P0133,1224
2022-01-04,East,P0149,2502
2022-01-04,East,P0153,13086
2022-01-04,East,P0159,2214
2022-01-04,East,P0171,2664
2022-01-04,East,P0175,3042
2022-01-04,East,P0178,1818
2022-01-04,East,P0183,5202
2022-01-04,North,P0017,1152
2022-01-04,North,P0031,1278
2022-01-04,North,P0057,3600
2022-01-04,North,P0067,1890
2022-01-04,North,P0070,1242
2022-01-04,North,P0083,3960
2022-01-04,North,P0085,3366
2022-01-04,North,P0094,4986
2022-01-04,North,P0096,4014
2022-01-04,North,P0125,2862
2022-01-04,North,P0129,8604
2022-01-04,North,P0149,3600
2022-01-04,North,P0166,7416
2022-01-04,North,P0171,3186
2022-01-04,North,P0178,2772
2022-01-04,North,P0187,5778
2022-01-04,South,P0016,3780
2022-01-04,South,P0017,3492
2022-01-04,South,P0031,3168
2022-01-04,South,P0046,6444
2022-01-04,South,P0061,5760
2022-01-04,South,P0066,6030
2022-01-04,South,P0067,2826
2022-01-04,South,P0069,5724
2022-01-04,South,P0079,5004
2022-01-04,South,P0083,7110
2022-01-04,South,P0085,3726
2022-01-04,South,P0094,1836
2022-01-04,South,P0116,5202
2022-01-04,South,P0125,5508
2022-01-04,South,P0126,12222
2022-01-04,South,P0133,1314
2022-01-04,South,P0149,4014
2022-01-04,South,P0159,1134
2022-01-04,South,P0171,9270
2022-01-04,South,P0175,4914
2022-01-04,South,P0183,2862
2022-01-04,South,P0187,7884
2022-01-04,West,P0046,2718
2022-01-04,West,P0061,5166
2022-01-04,West,P0066,5202
2022-01-04,West,P0067,2106
2022-01-04,West,P0068,4194
2022-01-04,West,P0069,3726
2022-01-04,West,P0070,8064
2022-01-04,West,P0079,4122
2022-01-04,West,P0085,2538
2022-01-04,West,P0094,3816
2022-01-04,West,P0096,2628
2022-01-04,West,P0116,6462
2022-01-04,West,P0129,2340
2022-01-04,West,P0133,8370
2022-01-04,West,P0153,3798
2022-01-04,West,P0159,7992
2022-01-04,West,P0166,7416
2022-01-04,West,P0175,2862
2022-01-04,West,P0178,8298
2022-01-04,West,P0183,5526
2022-01-04,West,P0187,2142
2022-01-05,East,P0016,3888
2022-01-05,East,P0017,1692
2022-01-05,East,P0031,4302
2022-01-05,East,P0046,7290
2022-01-05,East,P0061,5922
2022-01-05,East,P0067,1152
2022-01-05,East,P0068,4320
2022-01-05,East,P0069,3708
2022-01-05,East,P0070,2610
2022-01-05,East,P0079,1044
2022-01-05,East,P0083,2808
2022-01-05,East,P0094,6840
2022-01-05,East,P0096,5220
2022-01-05,East,P0116,1818
2022-01-05,East,P0125,11484
2022-01-05,East,P0126,9738
2022-01-05,East,P0129,6426
2022-01-05,East,P0133,13554
2022-01-05,East,P0149,2862
2022-01-05,East,P0153,3276
2022-01-05,East,P0159,1962
2022-01-05,East,P0175,2088
2022-01-05,East,P0178,2106
2022-01-05,East,P0183,3330
2022-01-05,East,P0187,5238
2022-01-05,North,P0016,2826
2022-01-05,North,P0017,4896
2022-01-05,North,P0031,4626
2022-01-05,North,P0046,7308
2022-01-05,North,P0057,7866
2022-01-05,North,P0061,9630
2022-01-05,North,P0066,11322
2022-01-05,North,P0067,4500
2022-01-05,North,P0068,3762
2022-01-05,North,P0070,4338
2022-01-05,North,P0079,9594
2022-01-05,North,P0083,2682
2022-01-05,North,P0094,3168
2022-01-05,North,P0096,2574
2022-01-05,North,P0116,3420
2022-01-05,North,P0125,2808
2022-01-05,North,P0126,3366
2022-01-05,North,P0149,8964
2022-01-05,North,P0153,3240
2022-01-05,North,P0159,2808
2022-01-05,North,P0166,6786
2022-01-05,North,P0171,4374
2022-01-05,North,P0183,2106
2022-01-05,North,P0187,3312
2022-01-05,South,P0016,3348
2022-01-05,South,P0017,2142
2022-01-05,South,P0061,2124
2022-01-05,South,P0067,6732
2022-01-05,South,P0068,2610
2022-01-05,South,P0069,4176
2022-01-05,South,P0085,2052
2022-01-05,South,P0096,2052
2022-01-05,South,P0116,7182
2022-01-05,South,P0125,3654
2022-01-05,South,P0126,2790
2022-01-05,South,P0129,3924
2022-01-05,South,P0133,2970
2022-01-05,South,P0149,2682
2022-01-05,South,P0153,2430
2022-01-05,South,P0159,8730
2022-01-05,South,P0171,2232
2022-01-05,South,P0175,4950
2022-01-05,South,P0178,8244
2022-01-05,South,P0183,2610
2022-01-05,South,P0187,3834
2022-01-05,West,P0016,6480
2022-01-05,West,P0017,4158
2022-01-05,West,P0031,2844
2022-01-05,West,P0046,2880
2022-01-05,West,P0057,4482
2022-01-05,West,P0066,2502
2022-01-05,West,P0069,9540
2022-01-05,West,P0070,4950
2022-01-05,West,P0079,3114
2022-01-05,West,P0083,9540
2022-01-05,West,P0085,12294
2022-01-05,West,P0094,2340
2022-01-05,West,P0096,1800
2022-01-05,West,P0129,2664
2022-01-05,West,P0153,6120
2022-01-05,West,P0166,5670
2022-01-05,West,P0171,3492
2022-01-05,West,P0175,2052
2022-01-05,West,P0178,7938
2022-01-05,West,P0183,5724
2022-01-05,West,P0187,4824
2022-01-06,East,P0016,5760
2022-01-06,East,P0017,2826
2022-01-06,East,P0031,1764
2022-01-06,East,P0057,7668
2022-01-06,East,P0061,14454
2022-01-06,East,P0067,3672
2022-01-06,East,P0068,2016
2022-01-06,East,P0069,2934
2022-01-06,East,P0079,5886
2022-01-06,East,P0083,4644
2022-01-06,East,P0094,5058
2022-01-06,East,P0096,2574
2022-01-06,East,P0116,6156
2022-01-06,East,P0129,6984
2022-01-06,East,P0133,3780
2022-01-06,East,P0149,5652
2022-01-06,East,P0159,3132
2022-01-06,East,P0166,2394
2022-01-06,East,P0171,7416
2022-01-06,East,P0175,1566
2022-01-06,East,P0178,2916
2022-01-06,East,P0183,3168
2022-01-06,East,P0187,2628
2022-01-06,North,P0016,2016
2022-01-06,North,P0031,2898
2022-01-06,North,P0046,2718
2022-01-06,North,P0057,5742
2022-01-06,North,P0066,3636
2022-01-06,North,P0067,1980
2022-01-06,North,P0068,8118
2022-01-06,North,P0069,7524
2022-01-06,North,P0070,6426
2022-01-06,North,P0079,1782
2022-01-06,North,P0083,5814
2022-01-06,North,P0094,3258
2022-01-06,North,P0096,5760
2022-01-06,North,P0116,4878
2022-01-06,North,P0125,4986
2022-01-06,North,P0126,6462
2022-01-06,North,P0129,2286
2022-01-06,North,P0133,3150
2022-01-06,North,P0149,5454
2022-01-06,North,P0153,2268
2022-01-06,North,P0159,7218
2022-01-06,North,P0166,6876
2022-01-06,North,P0171,3132
2022-01-06,North,P0175,1368
2022-01-06,North,P0183,2646
2022-01-06,South,P0016,1998
2022-01-06,South,P0017,2880
2022-01-06,South,P0031,6102
2022-01-06,South,P0046,3726
2022-01-06,South,P0057,2790
2022-01-06,South,P0061,2970
2022-01-06,South,P0066,6858
2022-01-06,South,P0067,2880
2022-01-06,South,P0068,2520
2022-01-06,South,P0070,3258
2022-01-06,South,P0079,6966
2022-01-06,South,P0085,8352
2022-01-06,South,P0094,1548
2022-01-06,South,P0096,5184
2022-01-06,South,P0116,2232
2022-01-06,South,P0125,3150
2022-01-06,South,P0126,5040
2022-01-06,South,P0133,6750
2022-01-06,South,P0153,3132
2022-01-06,South,P0159,1800
2022-01-06,South,P0166,2970
2022-01-06,South,P0175,2178
2022-01-06,South,P0178,7632
2022-01-06,South,P0183,7254
2022-01-06,South,P0187,2898
2022-01-06,West,P0016,2520
2022-01-06,West,P0017,8478
2022-01-06,West,P0046,9504
2022-01-06,West,P0061,4464
2022-01-06,West,P0066,9684
2022-01-06,West,P0067,3618
2022-01-06,West,P0069,6444
2022-01-06,West,P0070,4536
2022-01-06,West,P0083,3132
2022-01-06,West,P0085,4086
2022-01-06,West,P0125,6120
2022-01-06,West,P0126,2214
2022-01-06,West,P0129,2862
2022-01-06,West,P0133,3996
2022-01-06,West,P0149,2394
2022-01-06,West,P0153,6066
2022-01-06,West,P0159,3942
2022-01-06,West,P0166,3042
2022-01-06,West,P0171,3492
2022-01-06,West,P0175,2394
2022-01-06,West,P0178,6912
2022-01-06,West,P0187,7488
2022-01-07,East,P0016,2700
2022-01-07,East,P0017,3600
2022-01-07,East,P0031,2412
2022-01-07,East,P0061,3096
2022-01-07,East,P0066,4194
2022-01-07,East,P0067,5904
2022-01-07,East,P0070,4230
2022-01-07,East,P0079,3744
2022-01-07,East,P0083,1458
2022-01-07,East,P0094,5958
2022-01-07,East,P0096,3204
2022-01-07,East,P0116,2070
2022-01-07,East,P0125,3582
2022-01-07,East,P0129,2520
2022-01-07,East,P0133,2214
2022-01-07,East,P0149,5022
2022-01-07,East,P0153,7632
2022-01-07,East,P0159,1188
2022-01-07,East,P0171,3852
2022-01-07,East,P0175,2772
2022-01-07,East,P0178,3924
2022-01-07,East,P0183,9666
2022-01-07,East,P0187,3168
2022-01-07,North,P0016,5418
2022-01-07,North,P0017,5724
2022-01-07,North,P0031,1998
2022-01-07,North,P0046,3510
2022-01-07,North,P0057,7056
2022-01-07,North,P0061,16020
2022-01-07,North,P0066,3672
2022-01-07,North,P0067,1782
2022-01-07,North,P0068,3276
2022-01-07,North,P0069,2070
2022-01-07,North,P0070,2196
2022-01-07,North,P0083,4446
2022-01-07,North,P0096,4122
2022-01-07,North,P0116,2538
2022-01-07,North,P0125,4500
2022-01-07,North,P0126,1350
2022-01-07,North,P0129,6120
2022-01-07,North,P0133,4824
2022-01-07,North,P0149,5166
2022-01-07,North,P0153,3330
2022-01-07,North,P0159,3672
2022-01-07,North,P0166,9990
2022-01-07,North,P0178,6750
2022-01-07,North,P0183,2358
2022-01-07,North,P0187,5184
2022-01-07,South,P0016,2844
2022-01-07,South,P0031,5940
2022-01-07,South,P0046,5706
2022-01-07,South,P0057,8586
2022-01-07,South,P0066,7542
2022-01-07,South,P0067,3816
2022-01-07,South,P0068,4536
2022-01-07,South,P0069,3618
2022-01-07,South,P0070,1296
2022-01-07,South,P0083,5598
2022-01-07,South,P0085,3906
2022-01-07,South,P0094,2700
2022-01-07,South,P0096,4914
2022-01-07,South,P0116,2574
2022-01-07,South,P0125,3906
2022-01-07,South,P0126,2898
2022-01-07,South,P0129,2718
2022-01-07,South,P0133,12492
2022-01-07,South,P0149,2502
2022-01-07,South,P0153,2484
2022-01-07,South,P0159,1512
2022-01-07,South,P0171,8604
2022-01-07,South,P0175,5814
2022-01-07,South,P0178,5148
2022-01-07,South,P0183,3996
2022-01-07,South,P0187,7830
2022-01-07,West,P0016,4878
2022-01-07,West,P0017,4068
2022-01-07,West,P0046,6570
2022-01-07,West,P0066,1818
2022-01-07,West,P0068,2952
2022-01-07,West,P0069,10134
2022-01-07,West,P0070,1872
2022-01-07,West,P0079,7002
2022-01-07,West,P0085,6066
2022-01-07,West,P0094,6678
2022-01-07,West,P0096,1620
2022-01-07,West,P0116,3348
2022-01-07,West,P0125,1620
2022-01-07,West,P0126,11700
2022-01-07,West,P0159,4338
2022-01-07,West,P0166,3096
2022-01-07,West,P0171,2664
2022-01-07,West,P0175,972
2022-01-07,West,P0178,3672
2022-01-08,East,P0016,5472
2022-01-08,East,P0046,1782
2022-01-08,East,P0061,2178
2022-01-08,East,P0066,4662
2022-01-08,East,P0067,7272
2022-01-08,East,P0068,6282
2022-01-08,East,P0069,4338
2022-01-08,East,P0070,7578
2022-01-08,East,P0079,1530
2022-01-08,East,P0085,11682
2022-01-08,East,P0094,3672
2022-01-08,East,P0116,4626
2022-01-08,East,P0133,10134
2022-01-08,East,P0149,3366
2022-01-08,East,P0153,7596
2022-01-08,East,P0159,4374
2022-01-08,East,P0166,4536
2022-01-08,East,P0171,4950
2022-01-08,East,P0178,5634
2022-01-08,East,P0183,3510
2022-01-08,East,P0187,5544
2022-01-08,North,P0016,2556
2022-01-08,North,P0017,3978
2022-01-08,North,P0031,4824
2022-01-08,North,P0046,3204
2022-01-08,North,P0061,2502
2022-01-08,North,P0066,7218
2022-01-08,North,P0067,3276
2022-01-08,North,P0068,2232
2022-01-08,North,P0069,7722
2022-01-08,North,P0079,1710
2022-01-08,North,P0083,2124
2022-01-08,North,P0094,2142
2022-01-08,North,P0116,5076
2022-01-08,North,P0125,4734
2022-01-08,North,P0126,10026
2022-01-08,North,P0129,4770
2022-01-08,North,P0149,6426
2022-01-08,North,P0159,3114
2022-01-08,North,P0166,1584
2022-01-08,North,P0171,4716
2022-01-08,North,P0175,4860
2022-01-08,North,P0178,8136
2022-01-08,North,P0183,5994
2022-01-08,North,P0187,3294
2022-01-08,South,P0016,1278
2022-01-08,South,P0017,3654
2022-01-08,South,P0057,8802
2022-01-08,South,P0061,2718
2022-01-08,South,P0067,2376
2022-01-08,South,P0069,7398
2022-01-08,South,P0070,3312
2022-01-08,South,P0083,7776
2022-01-08,South,P0094,7956
2022-01-08,South,P0096,6642
2022-01-08,South,P0116,3834
2022-01-08,South,P0125,4248
2022-01-08,South,P0126,2160
2022-01-08,South,P0129,2106
2022-01-08,South,P0149,3996
2022-01-08,South,P0153,4644
2022-01-08,South,P0175,2754
2022-01-08,South,P0183,3186
2022-01-08,South,P0187,2466
2022-01-08,West,P0016,3726
2022-01-08,West,P0017,2538
2022-01-08,West,P0031,8118
2022-01-08,West,P0046,9396
2022-01-08,West,P0057,5580
2022-01-08,West,P0061,10188
2022-01-08,West,P0066,3960
2022-01-08,West,P0068,4914
2022-01-08,West,P0070,2394
2022-01-08,West,P0079,7416
2022-01-08,West,P0083,2952
2022-01-08,West,P0085,1728
2022-01-08,West,P0096,8388
2022-01-08,West,P0125,8874
2022-01-08,West,P0126,1458
2022-01-08,West,P0129,4068
2022-01-08,West,P0133,5310
2022-01-08,West,P0149,3006
2022-01-08,West,P0159,5940
2022-01-08,West,P0166,6102
2022-01-08,West,P0171,3708
2022-01-08,West,P0175,3744
2022-01-08,West,P0178,2772
2022-01-08,West,P0183,2574
2022-01-08,West,P0187,1782
2022-01-09,East,P0031,1692
2022-01-09,East,P0046,3060
2022-01-09,East,P0057,3420
2022-01-09,East,P0061,3582
2022-01-09,East,P0066,3564
2022-01-09,East,P0069,5112
2022-01-09,East,P0070,2826
2022-01-09,East,P0094,3132
2022-01-09,East,P0116,2970
2022-01-09,East,P0125,1656
2022-01-09,East,P0126,6876
2022-01-09,East,P0129,1746
2022-01-09,East,P0133,2196
2022-01-09,East,P0149,6300
2022-01-09,East,P0153,5400
2022-01-09,East,P0175,4950
2022-01-09,East,P0178,6552
2022-01-09,East,P0183,2592
2022-01-09,East,P0187,4968
2022-01-09,North,P0016,6372
2022-01-09,North,P0017,4140
2022-01-09,North,P0031,4770
2022-01-09,North,P0046,6858
2022-01-09,North,P0061,3042
2022-01-09,North,P0066,9900
2022-01-09,North,P0068,5130
2022-01-09,North,P0070,2304
2022-01-09,North,P0079,3924
2022-01-09,North,P0083,1728
2022-01-09,North,P0085,4860
2022-01-09,North,P0094,8460
2022-01-09,North,P0096,6426
2022-01-09,North,P0116,2520
2022-01-09,North,P0125,6678
2022-01-09,North,P0126,3420
2022-01-09,North,P0153,6138
2022-01-09,North,P0159,5868
2022-01-09,North,P0171,1530
2022-01-09,North,P0175,4104
2022-01-09,North,P0178,2916
2022-01-09,North,P0183,6984
2022-01-09,North,P0187,4284
2022-01-09,South,P0016,2142
2022-01-09,South,P0017,2826
2022-01-09,South,P0031,2844
2022-01-09,South,P0057,3474
2022-01-09,South,P0061,3042
2022-01-09,South,P0067,9630
2022-01-09,South,P0068,1548
2022-01-09,South,P0069,11016
2022-01-09,South,P0070,2376
2022-01-09,South,P0079,10494
2022-01-09,South,P0085,2790
2022-01-09,South,P0096,1476
2022-01-09,South,P0116,2466
2022-01-09,South,P0125,2970
2022-01-09,South,P0126,5580
2022-01-09,South,P0129,4716
2022-01-09,South,P0149,7740
2022-01-09,South,P0153,3060
2022-01-09,South,P0159,5742
2022-01-09,South,P0166,6534
2022-01-09,South,P0171,9234
2022-01-09,South,P0175,2160
2022-01-09,South,P0178,8352
2022-01-09,South,P0187,4698
2022-01-09,West,P0016,6714
2022-01-09,West,P0017,5418
2022-01-09,West,P0031,2718
2022-01-09,West,P0046,4698
2022-01-09,West,P0057,10476
2022-01-09,West,P0061,6642
2022-01-09,West,P0066,6120
2022-01-09,West,P0068,2610
2022-01-09,West,P0069,3726
2022-01-09,West,P0070,4788
2022-01-09,West,P0083,13770
2022-01-09,West,P0085,558
2022-01-09,West,P0094,2664
2022-01-09,West,P0096,5076
2022-01-09,West,P0116,4266
2022-01-09,West,P0125,3186
2022-01-09,West,P0129,4788
2022-01-09,West,P0133,12312
2022-01-09,West,P0166,3276
2022-01-09,West,P0171,2538
2022-01-09,West,P0183,3780
2022-01-09,West,P0187,2736
2022-01-10,East,P0017,5040
2022-01-10,East,P0031,2988
2022-01-10,East,P0046,2448
2022-01-10,East,P0057,1080
2022-01-10,East,P0068,3150
2022-01-10,East,P0069,8568
2022-01-10,East,P0070,4770
2022-01-10,East,P0083,4878
2022-01-10,East,P0085,1368
2022-01-10,East,P0096,3906
2022-01-10,East,P0125,8100
2022-01-10,East,P0126,5364
2022-01-10,East,P0129,3636
2022-01-10,East,P0133,6066
2022-01-10,East,P0149,2466
2022-01-10,East,P0159,1458
2022-01-10,East,P0166,1746
2022-01-10,East,P0175,3510
2022-01-10,East,P0178,2610
2022-01-10,East,P0183,3888
2022-01-10,East,P0187,4698
2022-01-10,North,P0016,3888
2022-01-10,North,P0031,2862
2022-01-10,North,P0046,3240
2022-01-10,North,P0061,1476
2022-01-10,North,P0067,2592
2022-01-10,North,P0068,1116
2022-01-10,North,P0069,6894
2022-01-10,North,P0070,3024
2022-01-10,North,P0079,10836
2022-01-10,North,P0083,4914
2022-01-10,North,P0085,486
2022-01-10,North,P0094,7776
2022-01-10,North,P0096,2502
2022-01-10,North,P0116,7344
2022-01-10,North,P0125,5346
2022-01-10,North,P0126,7614
2022-01-10,North,P0129,3762
2022-01-10,North,P0149,1206
2022-01-10,North,P0153,6624
2022-01-10,North,P0166,11124
2022-01-10,North,P0171,3960
2022-01-10,North,P0175,702
2022-01-10,North,P0178,16884
2022-01-10,North,P0183,2304
2022-01-10,North,P0187,6750
2022-01-10,South,P0016,9180
2022-01-10,South,P0017,2592
2022-01-10,South,P0031,3258
2022-01-10,South,P0046,6462
2022-01-10,South,P0061,9828
2022-01-10,South,P0066,9324
2022-01-10,South,P0067,3708
2022-01-10,South,P0068,6606
2022-01-10,South,P0069,2628
2022-01-10,South,P0070,5652
2022-01-10,South,P0085,6570
2022-01-10,South,P0094,1440
2022-01-10,South,P0096,5382
2022-01-10,South,P0125,3222
2022-01-10,South,P0126,3366
2022-01-10,South,P0129,1998
2022-01-10,South,P0133,3582
2022-01-10,South,P0149,2070
2022-01-10,South,P0153,7560
2022-01-10,South,P0159,5022
2022-01-10,South,P0171,4878
2022-01-10,South,P0175,1728
2022-01-10,South,P0183,1458
2022-01-10,South,P0187,7470
2022-01-10,West,P0016,4572
2022-01-10,West,P0017,3942
2022-01-10,West,P0031,5004
2022-01-10,West,P0046,6030
2022-01-10,West,P0057,11034
2022-01-10,West,P0061,2934
2022-01-10,West,P0066,6696
2022-01-10,West,P0067,4158
2022-01-10,West,P0079,3384
2022-01-10,West,P0083,2304
2022-01-10,West,P0085,3744
2022-01-10,West,P0094,3006
2022-01-10,West,P0116,6588
2022-01-10,West,P0129,5148
2022-01-10,West,P0133,5976
2022-01-10,West,P0149,4932
2022-01-10,West,P0153,3060
2022-01-10,West,P0159,2952
2022-01-10,West,P0171,1728
2022-01-10,West,P0175,4464
2022-01-10,West,P0183,3168
2022-01-11,East,P0016,14904
2022-01-11,East,P0017,3888
2022-01-11,East,P0031,2952
2022-01-11,East,P0057,2952
2022-01-11,East,P0061,2178
2022-01-11,East,P0066,9936
2022-01-11,East,P0067,4410
2022-01-11,East,P0068,2052
2022-01-11,East,P0069,6174
2022-01-11,East,P0070,10296
2022-01-11,East,P0083,1566
2022-01-11,East,P0085,10386
2022-01-11,East,P0094,3186
2022-01-11,East,P0096,2502
2022-01-11,East,P0116,2718
2022-01-11,East,P0125,8568
2022-01-11,East,P0126,4410
2022-01-11,East,P0129,6138
2022-01-11,East,P0133,3420
2022-01-11,East,P0149,2466
2022-01-11,East,P0153,1242
2022-01-11,East,P0159,1620
2022-01-11,East,P0166,2160
2022-01-11,East,P0171,3168
2022-01-11,East,P0175,1692
2022-01-11,East,P0178,6156
2022-01-11,East,P0183,2844
2022-01-11,North,P0017,7794
2022-01-11,North,P0031,7884
2022-01-11,North,P0046,2916
2022-01-11,North,P0057,2484
2022-01-11,North,P0061,3294
2022-01-11,North,P0068,5346
2022-01-11,North,P0069,2178
2022-01-11,North,P0079,6624
2022-01-11,North,P0083,1422
2022-01-11,North,P0085,3186
2022-01-11,North,P0094,4122
2022-01-11,North,P0096,5094
2022-01-11,North,P0116,3042
2022-01-11,North,P0125,5868
2022-01-11,North,P0126,7200
2022-01-11,North,P0129,2754
2022-01-11,North,P0133,5724
2022-01-11,North,P0149,2286
2022-01-11,North,P0159,4230
2022-01-11,North,P0166,4410
2022-01-11,North,P0171,5940
2022-01-11,North,P0183,2394
2022-01-11,North,P0187,3168
2022-01-11,South,P0016,1278
2022-01-11,South,P0046,12834
2022-01-11,South,P0057,6102
2022-01-11,South,P0061,3078
2022-01-11,South,P0066,1854
2022-01-11,South,P0067,3924
2022-01-11,South,P0069,2664
2022-01-11,South,P0070,5004
2022-01-11,South,P0079,6444
2022-01-11,South,P0083,8136
2022-01-11,South,P0094,6732
2022-01-11,South,P0116,4230
2022-01-11,South,P0125,4014
2022-01-11,South,P0129,6066
2022-01-11,South,P0133,4032
2022-01-11,South,P0149,2718
2022-01-11,South,P0153,4644
2022-01-11,South,P0159,2808
2022-01-11,South,P0166,2124
2022-01-11,South,P0171,1710
2022-01-11,South,P0175,8406
2022-01-11,South,P0178,8496
2022-01-11,South,P0183,5904
2022-01-11,South,P0187,12690
2022-01-11,West,P0031,4446
2022-01-11,West,P0046,4122
2022-01-11,West,P0057,3798
2022-01-11,West,P0061,5886
2022-01-11,West,P0066,2358
2022-01-11,West,P0067,4878
2022-01-11,West,P0068,5850
2022-01-11,West,P0069,3528
2022-01-11,West,P0096,7920
2022-01-11,West,P0116,3528
2022-01-11,West,P0125,3906
2022-01-11,West,P0126,5292
2022-01-11,West,P0133,6498
2022-01-11,West,P0149,4122
2022-01-11,West,P0153,4968
2022-01-11,West,P0159,1746
2022-01-11,West,P0166,2664
2022-01-11,West,P0171,4302
2022-01-11,West,P0178,1440
2022-01-12,East,P0031,2916
2022-01-12,East,P0046,2970
2022-01-12,East,P0057,3780
2022-01-12,East,P0061,4446
2022-01-12,East,P0066,3888
2022-01-12,East,P0067,3096
2022-01-12,East,P0068,7074
2022-01-12,East,P0070,4050
2022-01-12,East,P0079,1998
2022-01-12,East,P0083,3132
2022-01-12,East,P0094,1332
2022-01-12,East,P0096,1926
2022-01-12,East,P0125,2934
